event_index,numero,distance,skewness,area_of_the_energy_parabola,energy_max,Impulsion
85,85,95.81345025290146,0.951128519537531,1.027523828825233e-10,4.039710322731954e-12,2.466043715617547e-13
