event_index,numero,distance,skewness,area_of_the_energy_parabola,energy_max,Impulsion
87,87,78.54479063173196,4.921089906740916,6.557938709420659e-10,2.6364434760424695e-11,1.524966218693244e-12
