event_index,numero,distance,skewness,area_of_the_energy_parabola,energy_max,Impulsion
23,23,50.68000097637431,1.204048167183422,1.7842794571909438e-12,7.579696420064931e-14,1.703009910855819e-15
