event_index,distance,asymétrie,aire,energie_max_trace,Impulsion,starttime,endtime,durée,numero2
42.0,69.66579433857272,0.7003385154605343,1.1158676016016281e-10,2.0233885597137082e-12,-4.122477244685136e-16,538.0,694.0,156.0,42
