event_index,numero,distance,skewness,area_of_the_energy_parabola,energy_max,Impulsion
47,47,65.4712195650786,2.955886792600539,7.661341967068626e-13,1.3624685092732438e-14,3.32871619111028e-17
