event_index,numero,distance,skewness,area_of_the_energy_parabola,energy_max,Impulsion
41,41,10.939019253784037,0.718789241830951,1.6069197667982632e-10,3.969463755754284e-12,6.891128968130764e-14
