event_index,numero,distance,skewness,area_of_the_energy_parabola,energy_max,Impulsion
49,49,46.29233658345037,2.6111338011785397,8.117564657488991e-12,1.830856392377128e-13,2.9778306910001005e-15
