event_index,numero,distance,skewness,area_of_the_energy_parabola,energy_max,Impulsion
80,80,86.32450135395642,1.2192325990690243,5.779840651767928e-12,1.5912976810007032e-13,3.685845456523207e-15
