event_index,distance,asymétrie,aire,energie_max_trace,Impulsion,starttime,endtime,durée,numero2
47.0,65.4712195650786,2.955886792600539,7.661341967068626e-13,1.3624685092732438e-14,-1.0261462924893655e-18,530.0,1080.0,550.0,47
