event_index,numero,distance,skewness,area_of_the_energy_parabola,energy_max,Impulsion
33,33,87.52942092725412,4.013830980504761,1.5622598782969651e-13,1.526466579731141e-15,4.051742147901763e-18
