event_index,numero,distance,skewness,area_of_the_energy_parabola,energy_max,Impulsion
37,37,15.002437637969912,1.563781249382146,1.784542356030243e-10,9.642234148406082e-12,1.9903235225236167e-13
