event_index,distance,asymétrie,aire,energie_max_trace,Impulsion,starttime,endtime,durée,numero2
81.0,21.17416556830685,1.0339356101704031,1.2589031025759333e-11,5.658600680229814e-13,-6.464057006859411e-16,506.0,576.0,70.0,81
