event_index,numero,distance,skewness,area_of_the_energy_parabola,energy_max,Impulsion
39,39,24.47873020467683,0.7304035008924726,4.56576574736748e-11,1.2705277068534205e-12,1.5241860625980553e-14
