event_index,distance,asymétrie,aire,energie_max_trace,Impulsion,starttime,endtime,durée,numero2
37.0,15.002437637969912,1.563781249382146,1.784542356030243e-10,9.642234148406082e-12,-1.8474954933047046e-15,520.0,610.0,90.0,37
