event_index,numero,distance,skewness,area_of_the_energy_parabola,energy_max,Impulsion
60,60,27.701041735397084,1.0741890995393253,1.215299202475733e-10,4.3802229350452795e-12,9.843520584443617e-14
