event_index,numero,distance,skewness,area_of_the_energy_parabola,energy_max,Impulsion
1,1,536.0589549661717,3.490381728684086,8.315418220897892e-14,7.880927675700732e-16,1.6383062822676154e-18
