event_index,distance,asymétrie,aire,energie_max_trace,Impulsion,starttime,endtime,durée,numero2
48.0,13.722433101857618,5.2404616255484795,1.5268410493179803e-12,4.0770267204965174e-14,-1.2273137676492492e-18,254.0,968.0,714.0,48
