event_index,numero,distance,skewness,area_of_the_energy_parabola,energy_max,Impulsion
50,50,8.02712459816291,0.7739190967709904,4.0999017496394216e-10,2.0137279173612432e-11,7.662457001156933e-13
