event_index,distance,asymétrie,aire,energie_max_trace,Impulsion,starttime,endtime,durée,numero2
24.0,18.18161655717009,1.547426921729012,7.21547339245102e-11,1.2537256275065823e-12,-6.624808730550007e-16,516.0,848.0,332.0,24
