event_index,numero,distance,skewness,area_of_the_energy_parabola,energy_max,Impulsion
48,48,13.722433101857618,5.2404616255484795,1.5268410493179803e-12,4.0770267204965174e-14,1.5415138245316787e-16
