event_index,distance,asymétrie,aire,energie_max_trace,Impulsion,starttime,endtime,durée,numero2
43.0,374.1234855626473,0.502213882675878,4.486529579357456e-12,4.6012024916264345e-14,-4.812361568725684e-17,554.0,826.0,272.0,43
