event_index,distance,asymétrie,aire,energie_max_trace,Impulsion,starttime,endtime,durée,numero2
60.0,27.701041735397084,1.0741890995393253,1.215299202475733e-10,4.3802229350452795e-12,-1.115312966799439e-15,510.0,590.0,80.0,60
