event_index,distance,asymétrie,aire,energie_max_trace,Impulsion,starttime,endtime,durée,numero2
36.0,12.03527266793596,-0.02394260885740367,1.5145735556000114e-06,4.2269999546665115e-08,-1.2568107966488408e-11,512.0,584.0,72.0,36
