event_index,distance,asymétrie,aire,energie_max_trace,Impulsion,starttime,endtime,durée,numero2
62.0,13.62326614267406,1.5068149150227885,1.9570209343580368e-09,5.870228141269344e-11,-1.2497464618799187e-14,526.0,676.0,150.0,62
