event_index,numero,distance,skewness,area_of_the_energy_parabola,energy_max,Impulsion
6,6,156.3475108523247,4.555781017929718,1.1418378661442984e-11,6.072098764911197e-13,1.4347193717512537e-15
