event_index,distance,asymétrie,aire,energie_max_trace,Impulsion,starttime,endtime,durée,numero2
78.0,15.019977789948488,2.072884342562912,2.5297046594147504e-11,1.1359437155989498e-12,-1.8911007122943244e-16,508.0,660.0,152.0,78
