event_index,distance,asymétrie,aire,energie_max_trace,Impulsion,starttime,endtime,durée,numero2
2.0,17.706438612134626,3.960869808426998,9.127628076906109e-12,1.8947037523349678e-13,-1.374417014240215e-17,284.0,1010.0,726.0,2
