event_index,numero,distance,skewness,area_of_the_energy_parabola,energy_max,Impulsion
24,24,18.18161655717009,1.547426921729012,7.21547339245102e-11,1.2537256275065823e-12,2.0953442321399938e-14
