event_index,distance,asymétrie,aire,energie_max_trace,Impulsion,starttime,endtime,durée,numero2
46.0,28.39509627026777,1.0277618358854563,3.5563010611950405e-11,1.6425525210153047e-12,-4.83858315919665e-16,514.0,584.0,70.0,46
