event_index,distance,asymétrie,aire,energie_max_trace,Impulsion,starttime,endtime,durée,numero2
28.0,46.94814284832026,1.2304157403352172,3.686198805142847e-11,1.26626148454235e-12,-4.0422809752979386e-16,512.0,616.0,104.0,28
