event_index,numero,distance,skewness,area_of_the_energy_parabola,energy_max,Impulsion
32,32,15.753280920469651,0.38259600460456,1.1988952679641613e-11,4.772452110694075e-13,2.1401636547884877e-14
