event_index,distance,asymétrie,aire,energie_max_trace,Impulsion,starttime,endtime,durée,numero2
23.0,50.68000097637431,1.204048167183422,1.7842794571909438e-12,7.579696420064931e-14,-1.962485352838654e-17,522.0,610.0,88.0,23
