event_index,numero,distance,skewness,area_of_the_energy_parabola,energy_max,Impulsion
81,81,21.17416556830685,1.0339356101704031,1.2589031025759333e-11,5.658600680229814e-13,1.7036695197660195e-14
