event_index,distance,asymétrie,aire,energie_max_trace,Impulsion,starttime,endtime,durée,numero2
11.0,5.755487205375801,3.6185461215515624,2.5832136772209545e-12,1.3148708411151699e-13,-1.0061955791166474e-17,390.0,684.0,294.0,11
