event_index,numero,distance,skewness,area_of_the_energy_parabola,energy_max,Impulsion
3,3,67.24607360705616,1.9686391245533568,2.845638407418828e-12,9.43072891380191e-14,1.1026159538011106e-15
