event_index,distance,asymétrie,aire,energie_max_trace,Impulsion,starttime,endtime,durée,numero2
22.0,6.338558874564575,0.9974017408012668,1.6472124781584933e-09,4.530507087205111e-11,-2.5924988661995616e-14,498.0,614.0,116.0,22
