event_index,numero,distance,skewness,area_of_the_energy_parabola,energy_max,Impulsion
26,26,56.16851705097798,2.9078743436665286,1.1800904912149375e-13,5.3196956284959e-15,1.0106318684734863e-16
