event_index,numero,distance,skewness,area_of_the_energy_parabola,energy_max,Impulsion
62,62,13.62326614267406,1.5068149150227885,1.9570209343580368e-09,5.870228141269344e-11,7.807765856668356e-13
