event_index,numero,distance,skewness,area_of_the_energy_parabola,energy_max,Impulsion
28,28,46.94814284832026,1.2304157403352172,3.686198805142847e-11,1.26626148454235e-12,2.394650841844802e-14
