event_index,numero,distance,skewness,area_of_the_energy_parabola,energy_max,Impulsion
0,0,48.81039753705775,0.9021008046645705,2.3052070787232674e-09,8.826328880441373e-11,3.5849977252611036e-12
