event_index,numero,distance,skewness,area_of_the_energy_parabola,energy_max,Impulsion
11,11,5.755487205375801,3.6185461215515624,2.5832136772209545e-12,1.3148708411151699e-13,1.0660064931605063e-15
