event_index,numero,distance,skewness,area_of_the_energy_parabola,energy_max,Impulsion
5,5,41.30901063049271,1.2989980895383446,8.572617005866212e-12,3.382746223875984e-13,6.651820837441124e-15
