event_index,distance,asymétrie,aire,energie_max_trace,Impulsion,starttime,endtime,durée,numero2
57.0,41.331622923491686,0.3200228083567073,1.9887668819247178e-11,6.761800432124174e-13,-6.253481527296551e-16,518.0,588.0,70.0,57
