event_index,numero,distance,skewness,area_of_the_energy_parabola,energy_max,Impulsion
57,57,41.331622923491686,0.3200228083567073,1.9887668819247178e-11,6.761800432124174e-13,1.6279149965139305e-14
