event_index,distance,asymétrie,aire,energie_max_trace,Impulsion,starttime,endtime,durée,numero2
41.0,10.939019253784037,0.718789241830951,1.6069197667982632e-10,3.969463755754284e-12,-1.971913581134736e-15,498.0,602.0,104.0,41
