event_index,numero,distance,skewness,area_of_the_energy_parabola,energy_max,Impulsion
21,21,71.8558083991807,1.165883419343941,8.378114582845486e-11,2.53401484170798e-12,8.250211063312649e-14
