event_index,distance,asymétrie,aire,energie_max_trace,Impulsion,starttime,endtime,durée,numero2
49.0,46.29233658345037,2.6111338011785397,8.117564657488991e-12,1.830856392377128e-13,-7.349949575177415e-17,584.0,960.0,376.0,49
