event_index,distance,asymétrie,aire,energie_max_trace,Impulsion,starttime,endtime,durée,numero2
5.0,41.30901063049271,1.2989980895383446,8.572617005866212e-12,3.382746223875984e-13,-1.1366565959583616e-16,516.0,604.0,88.0,5
