event_index,numero,distance,skewness,area_of_the_energy_parabola,energy_max,Impulsion
43,43,374.1234855626473,0.502213882675878,4.486529579357456e-12,4.6012024916264345e-14,9.521368818161577e-16
