event_index,distance,asymétrie,aire,energie_max_trace,Impulsion,starttime,endtime,durée,numero2
72.0,26.476790947195617,4.399477151579703,7.997292199873063e-11,4.0608488264605244e-12,-1.499691615431566e-14,518.0,938.0,420.0,72
