event_index,numero,distance,skewness,area_of_the_energy_parabola,energy_max,Impulsion
53,53,51.02335286912581,1.3045005574863904,3.5353671274720174e-11,1.1295004907276065e-12,2.4113759660608858e-14
