event_index,numero,distance,skewness,area_of_the_energy_parabola,energy_max,Impulsion
67,67,13.62326614267406,0.1780553915749853,5.431246863522777e-09,1.4299310212442514e-10,3.892254600067967e-12
