event_index,distance,asymétrie,aire,energie_max_trace,Impulsion,starttime,endtime,durée,numero2
50.0,8.02712459816291,0.7739190967709904,4.0999017496394216e-10,2.0137279173612432e-11,-8.26503357415727e-15,508.0,568.0,60.0,50
