event_index,distance,asymétrie,aire,energie_max_trace,Impulsion,starttime,endtime,durée,numero2
80.0,86.32450135395642,1.2192325990690243,5.779840651767928e-12,1.5912976810007032e-13,-1.029500698562215e-16,516.0,658.0,142.0,80
