event_index,numero,distance,skewness,area_of_the_energy_parabola,energy_max,Impulsion
36,36,12.03527266793596,-0.02394260885740367,1.5145735556000114e-06,4.2269999546665115e-08,8.680568824994533e-10
