event_index,numero,distance,skewness,area_of_the_energy_parabola,energy_max,Impulsion
22,22,6.338558874564575,0.9974017408012668,1.6472124781584933e-09,4.530507087205111e-11,5.549091294699802e-13
