event_index,numero,distance,skewness,area_of_the_energy_parabola,energy_max,Impulsion
2,2,17.706438612134626,3.960869808426998,9.127628076906109e-12,1.8947037523349678e-13,5.681174403250167e-16
