event_index,distance,asymétrie,aire,energie_max_trace,Impulsion,starttime,endtime,durée,numero2
27.0,71.03478628398895,0.9527093435766139,1.1330114454563037e-10,2.4887726334248632e-12,-1.7953607784802298e-15,522.0,674.0,152.0,27
