event_index,numero,distance,skewness,area_of_the_energy_parabola,energy_max,Impulsion
78,78,15.019977789948488,2.072884342562912,2.5297046594147504e-11,1.1359437155989498e-12,1.6515811093762914e-14
