event_index,numero,distance,skewness,area_of_the_energy_parabola,energy_max,Impulsion
72,72,26.476790947195617,4.399477151579703,7.997292199873063e-11,4.0608488264605244e-12,2.3880612831742093e-13
