event_index,numero,distance,skewness,area_of_the_energy_parabola,energy_max,Impulsion
27,27,71.03478628398895,0.9527093435766139,1.1330114454563037e-10,2.4887726334248632e-12,6.369858417970585e-14
