event_index,numero,distance,skewness,area_of_the_energy_parabola,energy_max,Impulsion
9,9,63.49445548122539,2.1374352737368283,3.0683785985298443e-12,7.825894657322772e-14,2.2922575641923117e-15
