event_index,distance,asymétrie,aire,energie_max_trace,Impulsion,starttime,endtime,durée,numero2
8.0,80.84173760387873,1.5028177053580545,3.1971690730965833e-11,9.695626016741221e-13,-4.0103416558508326e-16,508.0,638.0,130.0,8
