event_index,numero,distance,skewness,area_of_the_energy_parabola,energy_max,Impulsion
44,44,87.52942092725412,4.043501734885147,2.0141160496725907e-13,3.1072744297466006e-15,1.0118256657267151e-17
