event_index,distance,asymétrie,aire,energie_max_trace,Impulsion,starttime,endtime,durée,numero2
21.0,71.8558083991807,1.165883419343941,8.378114582845486e-11,2.53401484170798e-12,-1.9650485837142562e-15,510.0,640.0,130.0,21
