event_index,distance,asymétrie,aire,energie_max_trace,Impulsion,starttime,endtime,durée,numero2
9.0,63.49445548122539,2.1374352737368283,3.0683785985298443e-12,7.825894657322772e-14,-1.5328963225592744e-16,508.0,784.0,276.0,9
