event_index,numero,distance,skewness,area_of_the_energy_parabola,energy_max,Impulsion
40,40,48.81039753705775,0.9390665314710803,5.896581133764936e-12,1.7822577883368386e-13,3.977716834323393e-15
