event_index,distance,asymétrie,aire,energie_max_trace,Impulsion,starttime,endtime,durée,numero2
10.0,6.713114336267443,2.2484868774499374,2.7907298325228083e-12,9.404596394604226e-14,-1.1178807440849517e-16,508.0,720.0,212.0,10
