event_index,distance,asymétrie,aire,energie_max_trace,Impulsion,starttime,endtime,durée,numero2
26.0,56.16851705097798,2.9078743436665286,1.1800904912149375e-13,5.3196956284959e-15,-1.235512050625956e-18,378.0,584.0,206.0,26
