event_index,distance,asymétrie,aire,energie_max_trace,Impulsion,starttime,endtime,durée,numero2
32.0,15.753280920469651,0.38259600460456,1.1988952679641613e-11,4.772452110694075e-13,-2.9126531861038464e-16,502.0,564.0,62.0,32
