event_index,numero,distance,skewness,area_of_the_energy_parabola,energy_max,Impulsion
10,10,6.713114336267443,2.2484868774499374,2.7907298325228083e-12,9.404596394604226e-14,2.5005957597577306e-15
