event_index,distance,asymétrie,aire,energie_max_trace,Impulsion,starttime,endtime,durée,numero2
53.0,51.02335286912581,1.3045005574863904,3.5353671274720174e-11,1.1295004907276065e-12,-4.4046942994583793e-16,540.0,654.0,114.0,53
