event_index,distance,asymétrie,aire,energie_max_trace,Impulsion,starttime,endtime,durée,numero2
40.0,48.81039753705775,0.9390665314710803,5.896581133764936e-12,1.7822577883368386e-13,-7.285021404875908e-17,506.0,610.0,104.0,40
