event_index,numero,distance,skewness,area_of_the_energy_parabola,energy_max,Impulsion
8,8,80.84173760387873,1.5028177053580545,3.1971690730965833e-11,9.695626016741221e-13,1.979817984672105e-14
