event_index,distance,asymétrie,aire,energie_max_trace,Impulsion,starttime,endtime,durée,numero2
67.0,13.62326614267406,0.1780553915749853,5.431246863522777e-09,1.4299310212442514e-10,-7.977600846144994e-14,512.0,594.0,82.0,67
