event_index,numero,distance,skewness,area_of_the_energy_parabola,energy_max,Impulsion
46,46,28.39509627026777,1.0277618358854563,3.5563010611950405e-11,1.6425525210153047e-12,4.274120348167127e-14
