event_index,numero,distance,skewness,area_of_the_energy_parabola,energy_max,Impulsion
38,38,35.32501028979229,1.7814577221249648,2.0443040976797847e-12,5.837214093337062e-14,1.1386258384069507e-15
