event_index,distance,asymétrie,aire,energie_max_trace,Impulsion,starttime,endtime,durée,numero2
87.0,78.54479063173196,4.921089906740916,6.557938709420659e-10,2.6364434760424695e-11,-1.7705880659122884e-12,164.0,676.0,512.0,87
