event_index,distance,asymétrie,aire,energie_max_trace,Impulsion,starttime,endtime,durée,numero2
38.0,35.32501028979229,1.7814577221249648,2.0443040976797847e-12,5.837214093337062e-14,-2.877839621157418e-17,510.0,712.0,202.0,38
