event_index,numero,distance,skewness,area_of_the_energy_parabola,energy_max,Impulsion
42,42,69.66579433857272,0.7003385154605343,1.1158676016016281e-10,2.0233885597137082e-12,1.798215350395528e-14
